sim,radiotype,radio,carrier,mcc,mnc,area,cellid,enbrnc,lcid,xarfcn,unit,band,fc,sigl,asu,signal,lat,lon,acc,time,speed,bearing,alt,api,device,rsrq,rssnr,ss,cqi,ta,rssi_cdma,rssi_evdo,ecio_cdma,ecio_evdo
1,LTE,LTE+,Telia LT,246,1,8003,46215947,180531,11,1542,165,3,1839.2,4,67,-73,54.7236486,25.3272725,9.1,1505472621000,2.7,22.0,173.0,25,Sony_SGP771,-6,19.4,31,-1,3,,,,
1,LTE,LTE+,Telia LT,246,1,8003,46215947,180531,11,1542,165,3,1839.2,4,68,-72,54.7239589,25.3271341,4.6,1505472626000,7.3,2.0,164.0,25,Sony_SGP771,-5,23.2,31,-1,3,,,,
1,LTE,LTE+,Telia LT,246,1,8003,46215947,180531,11,1542,165,3,1839.2,4,63,-77,54.7243293,25.3271644,6.1,1505472631000,9.1,7.0,161.0,25,Sony_SGP771,-6,15.4,30,-1,3,,,,
1,LTE,LTE+,Telia LT,246,1,8003,46215947,180531,11,1542,165,3,1839.2,4,56,-84,54.7248515,25.3271995,4.6,1505472637000,9.8,1.0,155.0,25,Sony_SGP771,-9,10.2,30,-1,-1,,,,
1,LTE,LTE+,Telia LT,246,1,8003,46215947,180531,11,1542,165,3,1839.2,4,51,-89,54.7252703,25.3275409,4.6,1505472642000,10.5,33.0,154.0,25,Sony_SGP771,-16,11.2,31,-1,3,,,,
1,LTE,LTE+,Telia LT,246,1,9020,46161951,180320,31,1542,329,3,1839.2,4,58,-82,54.7256801,25.3280659,4.6,1505472648000,7.7,33.0,153.0,25,Sony_SGP771,-10,14.0,31,-1,2,,,,
1,LTE,LTE+,Telia LT,246,1,9020,46161951,180320,31,1542,329,3,1839.2,4,55,-85,54.7258133,25.3282466,4.6,1505472653000,0.6,33.0,152.0,25,Sony_SGP771,-11,5.6,31,-1,-1,,,,
1,LTE,LTE+,Telia LT,246,1,9020,46161951,180320,31,1542,329,3,1839.2,4,55,-85,54.7258625,25.3283395,4.6,1505472675000,2.3,61.0,153.0,25,Sony_SGP771,-11,13.2,30,-1,-1,,,,
1,LTE,LTE+,Telia LT,246,1,9020,46161951,180320,31,1542,329,3,1839.2,4,55,-85,54.7258301,25.3287117,4.6,1505472680000,7.0,118.0,153.0,25,Sony_SGP771,-10,15.0,30,-1,-1,,,,
1,LTE,LTE+,Telia LT,246,1,9020,46161951,180320,31,1542,329,3,1839.2,4,60,-80,54.7255547,25.3293823,4.6,1505472686000,10.2,125.0,156.0,25,Sony_SGP771,-10,14.8,31,-1,1,,,,
1,LTE,LTE+,Telia LT,246,1,9020,46161951,180320,31,1542,329,3,1839.2,4,55,-85,54.7253275,25.3299547,4.6,1505472692000,6.0,124.0,157.0,25,Sony_SGP771,-9,13.6,29,-1,1,,,,
1,LTE,LTE+,Telia LT,246,1,9020,46161951,180320,31,1542,329,3,1839.2,4,50,-90,54.7251568,25.33038,4.6,1505472697000,7.2,124.0,158.0,25,Sony_SGP771,-13,17.8,28,-1,-1,,,,
1,LTE,LTE,Telia LT,246,1,9020,46161941,180320,21,1542,325,3,1839.2,4,63,-77,54.7248782,25.3310818,4.6,1505472703000,10.1,122.0,160.0,25,Sony_SGP771,-6,10.2,31,-1,-1,,,,
1,LTE,LTE+,Telia LT,246,1,9020,46161941,180320,21,1542,325,3,1839.2,4,59,-81,54.724588,25.3319747,4.6,1505472709000,11.8,116.0,160.0,25,Sony_SGP771,-6,14.4,30,-1,2,,,,
1,LTE,LTE+,Telia LT,246,1,9020,46161941,180320,21,1542,325,3,1839.2,4,58,-82,54.7243818,25.3327883,4.6,1505472714000,11.3,112.0,160.0,25,Sony_SGP771,-4,12.6,29,-1,1,,,,
1,LTE,LTE+,Telia LT,246,1,8012,46755092,182637,20,3050,271,7,2650.0,3,38,-102,54.7241951,25.3336157,4.6,1505472719000,10.7,110.0,160.0,25,Sony_SGP771,-7,12.2,19,-1,-1,,,,
1,LTE,LTE,Telia LT,246,1,8012,46755092,182637,20,3050,271,7,2650.0,3,35,-105,54.7240921,25.3342575,4.6,1505472725000,3.9,100.0,161.0,25,Sony_SGP771,-8,15.4,19,-1,29,,,,
1,LTE,LTE+,Telia LT,246,1,9020,46161941,180320,21,1542,325,3,1839.2,4,59,-81,54.7240718,25.3343681,4.6,1505472731000,0.0,0.0,162.0,25,Sony_SGP771,-8,9.4,30,-1,2,,,,
1,LTE,LTE+,Telia LT,246,1,9020,46161941,180320,21,1542,325,3,1839.2,4,57,-83,54.7240102,25.3350266,6.1,1505472748000,8.8,100.0,165.0,25,Sony_SGP771,-6,18.0,29,-1,-1,,,,
1,LTE,LTE+,Telia LT,246,1,9020,46161941,180320,21,1542,325,3,1839.2,4,54,-86,54.7239544,25.3357346,4.6,1505472753000,9.3,93.0,162.0,25,Sony_SGP771,-7,13.8,28,-1,-1,,,,
1,LTE,LTE+,Telia LT,246,1,9020,46161941,180320,21,1542,325,3,1839.2,4,53,-87,54.723948,25.3364513,4.6,1505472758000,8.7,91.0,161.0,25,Sony_SGP771,-7,7.4,27,-1,-1,,,,
1,LTE,LTE+,Telia LT,246,1,9020,46161941,180320,21,1542,325,3,1839.2,4,54,-86,54.723945,25.3371169,4.6,1505472763000,8.9,91.0,162.0,25,Sony_SGP771,-6,5.8,27,-1,-1,,,,
1,LTE,LTE,Telia LT,246,1,9020,46223903,180562,31,1542,182,3,1839.2,4,65,-75,54.723886,25.3380475,4.6,1505472769000,10.9,91.0,162.0,25,Sony_SGP771,-7,24.8,31,-1,-1,,,,
1,LTE,LTE,Telia LT,246,1,9020,46223883,180562,11,1542,180,3,1839.2,4,68,-72,54.7238563,25.3389026,4.6,1505472774000,10.6,89.0,162.0,25,Sony_SGP771,-8,12.4,31,-1,1,,,,
1,LTE,LTE+,Telia LT,246,1,9020,46161941,180320,21,1542,325,3,1839.2,4,55,-85,54.7239325,25.3396589,4.6,1505472780000,7.5,73.0,162.0,25,Sony_SGP771,-7,13.8,28,-1,4,,,,
1,LTE,LTE,Telia LT,246,1,9020,46223883,180562,11,1542,180,3,1839.2,4,57,-83,54.7240692,25.3402464,4.6,1505472785000,9.1,66.0,162.0,25,Sony_SGP771,-7,11.6,29,-1,2,,,,
1,LTE,LTE,Telia LT,246,1,9020,46223883,180562,11,1542,180,3,1839.2,4,52,-88,54.7242969,25.3408867,4.6,1505472790000,9.3,52.0,162.0,25,Sony_SGP771,-8,8.2,27,-1,2,,,,
1,LTE,LTE,Telia LT,246,1,9020,46223883,180562,11,1542,180,3,1839.2,4,52,-88,54.7246712,25.3415055,4.6,1505472796000,9.1,30.0,162.0,25,Sony_SGP771,-9,10.8,29,-1,1,,,,
1,LTE,LTE+,Telia LT,246,1,9020,46733855,182554,31,1542,461,3,1839.2,4,57,-83,54.7251295,25.3419549,4.6,1505472801000,12.4,23.0,161.0,25,Sony_SGP771,-7,24.0,31,-1,3,,,,
1,LTE,LTE+,Telia LT,246,1,9020,46733855,182554,31,1542,461,3,1839.2,4,51,-89,54.7257564,25.342385,4.6,1505472807000,13.3,23.0,158.0,25,Sony_SGP771,-10,16.0,28,-1,2,,,,
1,LTE,LTE,Telia LT,246,1,9020,46223883,180562,11,1542,180,3,1839.2,4,61,-79,54.7263732,25.3431968,4.6,1505472813000,15.6,51.0,158.0,25,Sony_SGP771,-8,-0.2,31,-1,3,,,,
1,LTE,LTE+,Telia LT,246,1,9020,46677791,182335,31,1542,473,3,1839.2,4,53,-87,54.7267276,25.3444162,4.6,1505472819000,14.3,65.0,157.0,25,Sony_SGP771,-10,13.8,28,-1,3,,,,
1,LTE,LTE+,Telia LT,246,1,9020,46677791,182335,31,1542,473,3,1839.2,4,54,-86,54.7270277,25.3453937,4.6,1505472824000,13.9,58.0,157.0,25,Sony_SGP771,-7,1.6,28,-1,3,,,,
1,LTE,LTE+,Telia LT,246,1,9020,46677791,182335,31,1542,473,3,1839.2,4,53,-87,54.7274501,25.3464581,4.6,1505472830000,13.9,54.0,156.0,25,Sony_SGP771,-7,11.0,28,-1,2,,,,
1,LTE,LTE+,Telia LT,246,1,9020,46677791,182335,31,1542,473,3,1839.2,4,59,-81,54.7278946,25.3475561,4.6,1505472836000,14.4,55.0,158.0,25,Sony_SGP771,-6,12.8,30,-1,1,,,,
1,LTE,LTE+,Telia LT,246,1,9020,46677791,182335,31,1542,473,3,1839.2,4,63,-77,54.7283104,25.3486456,4.6,1505472842000,14.0,59.0,158.0,25,Sony_SGP771,-7,16.0,31,-1,1,,,,
1,LTE,LTE+,Telia LT,246,1,9020,46677791,182335,31,1542,473,3,1839.2,4,75,-65,54.7286108,25.3496089,4.6,1505472847000,14.2,62.0,158.0,25,Sony_SGP771,-5,20.8,31,-1,1,,,,
1,LTE,LTE+,Telia LT,246,1,9020,46677771,182335,11,1542,468,3,1839.2,4,74,-66,54.728914,25.3506117,4.6,1505472852000,14.7,61.0,158.0,25,Sony_SGP771,-6,21.6,31,-1,0,,,,
1,LTE,LTE+,Telia LT,246,1,9020,46677771,182335,11,1542,468,3,1839.2,4,67,-73,54.7292945,25.3518529,4.6,1505472858000,15.6,62.0,160.0,25,Sony_SGP771,-4,15.4,31,-1,0,,,,
1,LTE,LTE+,Telia LT,246,1,9020,46677771,182335,11,1542,468,3,1839.2,4,63,-77,54.7297222,25.3532551,4.6,1505472864000,17.3,62.0,160.0,25,Sony_SGP771,-6,23.6,31,-1,1,,,,
1,LTE,LTE+,Telia LT,246,1,9020,46677771,182335,11,1542,468,3,1839.2,4,60,-80,54.7300954,25.3544195,4.6,1505472869000,16.9,62.0,160.0,25,Sony_SGP771,-4,20.2,29,-1,1,,,,
1,LTE,LTE+,Telia LT,246,1,9020,46677771,182335,11,1542,468,3,1839.2,4,56,-84,54.7304205,25.3555912,4.6,1505472874000,16.8,66.0,158.0,25,Sony_SGP771,-6,18.4,28,-1,-1,,,,
1,LTE,LTE+,Telia LT,246,1,9020,46677771,182335,11,1542,468,3,1839.2,4,54,-86,54.7307418,25.3570291,4.6,1505472880000,16.7,68.0,158.0,25,Sony_SGP771,-6,11.6,27,-1,-1,,,,
1,LTE,LTE+,Telia LT,246,1,9020,46677771,182335,11,1542,468,3,1839.2,4,49,-91,54.7310706,25.3585218,4.6,1505472886000,17.7,69.0,157.0,25,Sony_SGP771,-6,12.4,25,-1,3,,,,
1,LTE,LTE+,Telia LT,246,1,9020,46677771,182335,11,1542,468,3,1839.2,4,49,-91,54.7313384,25.3598156,4.6,1505472891000,17.9,70.0,158.0,25,Sony_SGP771,-6,7.2,25,-1,3,,,,
1,LTE,LTE+,Telia LT,246,1,9020,46677771,182335,11,1542,468,3,1839.2,4,46,-94,54.7316811,25.36138,4.6,1505472897000,17.9,69.0,160.0,25,Sony_SGP771,-6,7.0,22,-1,4,,,,
1,LTE,LTE+,Telia LT,246,1,9020,46677771,182335,11,1542,468,3,1839.2,3,39,-101,54.7320164,25.3629551,4.6,1505472903000,17.6,69.0,162.0,25,Sony_SGP771,-8,2.8,21,-1,-1,,,,
1,LTE,LTE+,Telia LT,246,1,9020,46161931,180320,11,1542,324,3,1839.2,4,44,-96,54.732279,25.3642084,4.6,1505472908000,17.1,70.0,162.0,25,Sony_SGP771,-6,0.2,21,-1,14,,,,
1,LTE,LTE+,Telia LT,246,1,9020,46161931,180320,11,1542,324,3,1839.2,3,37,-103,54.732593,25.3654695,4.6,1505472913000,17.0,65.0,161.0,25,Sony_SGP771,-6,10.0,18,-1,14,,,,
1,LTE,LTE+,Telia LT,246,1,9020,46161931,180320,11,1542,324,3,1839.2,3,40,-100,54.732839,25.3667465,4.6,1505472918000,17.6,70.0,160.0,25,Sony_SGP771,-8,12.4,21,-1,14,,,,
1,LTE,LTE+,Telia LT,246,1,9020,46161931,180320,11,1542,324,3,1839.2,3,34,-106,54.7331747,25.3682872,4.6,1505472924000,17.3,70.0,161.0,25,Sony_SGP771,-7,12.4,18,-1,-1,,,,
1,LTE,LTE+,Telia LT,246,1,9020,46161931,180320,11,1542,324,3,1839.2,2,31,-109,54.7334084,25.3698003,4.6,1505472930000,16.4,79.0,160.0,25,Sony_SGP771,-7,-0.2,16,-1,16,,,,
1,LTE,LTE,Telia LT,246,1,8020,46755359,182638,31,1542,269,3,1839.2,3,34,-106,54.733531,25.3710224,4.6,1505472935000,15.2,80.0,159.0,25,Sony_SGP771,-7,7.4,19,-1,16,,,,
1,LTE,LTE+,Telia LT,246,1,8020,46755359,182638,31,1542,269,3,1839.2,3,34,-106,54.7336164,25.3719974,4.6,1505472940000,11.1,86.0,159.0,25,Sony_SGP771,-8,7.4,18,-1,15,,,,
1,LTE,LTE+,Telia LT,246,1,8020,46755359,182638,31,1542,269,3,1839.2,3,34,-106,54.7335596,25.3726708,4.6,1505472946000,6.7,67.0,158.0,25,Sony_SGP771,-8,8.6,18,-1,15,,,,
1,LTE,LTE+,Telia LT,246,1,8020,46755359,182638,31,1542,269,3,1839.2,3,35,-105,54.7338535,25.3731924,4.6,1505472951000,9.8,59.0,158.0,25,Sony_SGP771,-6,8.4,18,-1,-1,,,,
1,LTE,LTE+,Telia LT,246,1,8020,46755359,182638,31,1542,269,3,1839.2,3,36,-104,54.733912,25.3745997,4.6,1505472957000,16.9,85.0,157.0,25,Sony_SGP771,-7,8.6,18,-1,14,,,,
1,LTE,LTE+,Telia LT,246,1,8020,46755359,182638,31,1542,269,3,1839.2,3,34,-106,54.7339779,25.3759388,4.6,1505472962000,17.0,86.0,156.0,25,Sony_SGP771,-8,9.0,19,-1,14,,,,
1,LTE,LTE+,Telia LT,246,1,8020,46755359,182638,31,1542,269,3,1839.2,3,34,-106,54.7340465,25.3772476,4.6,1505472967000,17.3,85.0,155.0,25,Sony_SGP771,-9,3.4,19,-1,14,,,,
1,LTE,LTE+,Telia LT,246,1,9020,46137611,180225,11,1542,255,3,1839.2,4,43,-97,54.7341121,25.3788787,4.6,1505472973000,17.7,85.0,155.0,25,Sony_SGP771,-5,8.2,22,-1,4,,,,
1,LTE,LTE+,Telia LT,246,1,9020,46137611,180225,11,1542,255,3,1839.2,4,44,-96,54.7341647,25.3802401,4.6,1505472978000,17.8,86.0,153.0,25,Sony_SGP771,-6,11.2,23,-1,5,,,,
1,LTE,LTE+,Telia LT,246,1,9020,46137611,180225,11,1542,255,3,1839.2,4,46,-94,54.734227,25.3819001,4.6,1505472984000,17.7,86.0,153.0,25,Sony_SGP771,-7,21.4,23,-1,5,,,,
1,LTE,LTE+,Telia LT,246,1,9020,46137611,180225,11,1542,255,3,1839.2,3,35,-105,54.7343031,25.3836038,4.6,1505472990000,19.0,85.0,152.0,25,Sony_SGP771,-10,8.0,19,-1,5,,,,
1,LTE,LTE+,Telia LT,246,1,9020,46137611,180225,11,1542,255,3,1839.2,2,31,-109,54.7343784,25.3850787,4.6,1505472995000,18.1,86.0,151.0,25,Sony_SGP771,-12,2.0,18,-1,6,,,,
1,LTE,LTE+,Telia LT,246,1,9020,46137611,180225,11,1542,255,3,1839.2,2,30,-110,54.7344494,25.3863966,4.6,1505473000000,15.9,85.0,154.0,25,Sony_SGP771,-13,-1.0,19,-1,6,,,,
1,LTE,LTE+,Telia LT,246,1,8020,46755359,182638,31,1542,269,3,1839.2,3,36,-104,54.7345223,25.3878895,4.6,1505473006000,17.0,82.0,153.0,25,Sony_SGP771,-8,7.6,20,-1,8,,,,
1,LTE,LTE+,Telia LT,246,1,8020,46755359,182638,31,1542,269,3,1839.2,4,44,-96,54.7347068,25.3894841,4.6,1505473012000,17.6,78.0,156.0,25,Sony_SGP771,-6,11.4,22,-1,-1,,,,
1,LTE,LTE+,Telia LT,246,1,8020,46755359,182638,31,1542,269,3,1839.2,4,45,-95,54.7348824,25.3910872,4.6,1505473018000,17.4,79.0,155.0,25,Sony_SGP771,-9,12.6,26,-1,7,,,,
1,LTE,LTE+,Telia LT,246,1,8020,46755359,182638,31,1542,269,3,1839.2,4,48,-92,54.7350409,25.3924473,4.6,1505473023000,17.9,78.0,158.0,25,Sony_SGP771,-7,12.2,26,-1,7,,,,
1,LTE,LTE+,Telia LT,246,1,8020,46755359,182638,31,1542,269,3,1839.2,4,61,-79,54.7351775,25.3939561,4.6,1505473029000,15.1,80.0,156.0,25,Sony_SGP771,-6,15.8,30,-1,6,,,,
1,LTE,LTE+,Telia LT,246,1,8020,46755359,182638,31,1542,269,3,1839.2,4,66,-74,54.7352817,25.3950296,4.6,1505473034000,13.8,79.0,156.0,25,Sony_SGP771,-6,20.8,31,-1,6,,,,
1,LTE,LTE+,Telia LT,246,1,8020,46755359,182638,31,1542,269,3,1839.2,4,67,-73,54.7353836,25.3960157,4.6,1505473039000,11.7,79.0,159.0,25,Sony_SGP771,-6,17.4,31,-1,5,,,,
1,LTE,LTE+,Telia LT,246,1,8020,46755359,182638,31,1542,269,3,1839.2,4,68,-72,54.7354861,25.3969845,4.6,1505473045000,9.5,81.0,158.0,25,Sony_SGP771,-6,21.2,31,-1,5,,,,
1,LTE,LTE+,Telia LT,246,1,8020,46755359,182638,31,1542,269,3,1839.2,4,66,-74,54.7355809,25.3979789,4.6,1505473051000,12.5,79.0,157.0,25,Sony_SGP771,-7,17.8,31,-1,-1,,,,
1,LTE,LTE+,Telia LT,246,1,8020,46755359,182638,31,1542,269,3,1839.2,4,65,-75,54.7357291,25.3991682,4.6,1505473057000,13.4,72.0,157.0,25,Sony_SGP771,-7,14.8,31,-1,-1,,,,
1,LTE,LTE+,Telia LT,246,1,8020,46755359,182638,31,1542,269,3,1839.2,4,59,-81,54.7360487,25.4000653,4.6,1505473062000,13.8,53.0,156.0,25,Sony_SGP771,-7,17.4,30,-1,-1,,,,
1,LTE,LTE+,Telia LT,246,1,8020,46755359,182638,31,1542,269,3,1839.2,4,50,-90,54.7364635,25.4011876,4.6,1505473068000,14.3,61.0,156.0,25,Sony_SGP771,-9,15.4,27,-1,-1,,,,
1,LTE,LTE+,Telia LT,246,1,8020,46755359,182638,31,1542,269,3,1839.2,4,59,-81,54.7366039,25.4021759,4.6,1505473073000,12.4,83.0,156.0,25,Sony_SGP771,-7,12.2,29,-1,3,,,,
1,LTE,LTE+,Telia LT,246,1,8020,46755359,182638,31,1542,269,3,1839.2,4,58,-82,54.7366862,25.4029212,4.6,1505473079000,7.4,40.0,155.0,25,Sony_SGP771,-12,-1.6,31,-1,3,,,,
1,LTE,LTE+,Telia LT,246,1,8020,46755359,182638,31,1542,269,3,1839.2,4,58,-82,54.7369913,25.4028299,4.6,1505473085000,8.1,313.0,153.0,25,Sony_SGP771,-12,20.8,31,-1,-1,,,,
1,LTE,LTE+,Telia LT,246,1,8020,46755359,182638,31,1542,269,3,1839.2,4,57,-83,54.737391,25.4020102,4.6,1505473091000,13.1,309.0,152.0,25,Sony_SGP771,-8,27.4,31,-1,2,,,,
1,LTE,LTE+,Telia LT,246,1,8020,46755359,182638,31,1542,269,3,1839.2,4,64,-76,54.7378856,25.4009948,4.6,1505473097000,13.9,311.0,153.0,25,Sony_SGP771,-7,11.2,31,-1,2,,,,
1,LTE,LTE+,Telia LT,246,1,8020,46755359,182638,31,1542,269,3,1839.2,4,63,-77,54.7384328,25.4004123,4.6,1505473102000,14.8,341.0,152.0,25,Sony_SGP771,-7,18.2,31,-1,2,,,,
1,LTE,LTE+,Telia LT,246,1,8020,46755359,182638,31,1542,269,3,1839.2,4,64,-76,54.7392272,25.4001463,4.6,1505473108000,14.2,349.0,152.0,25,Sony_SGP771,-7,23.2,31,-1,2,,,,
1,LTE,LTE+,Telia LT,246,1,8020,46755359,182638,31,1542,269,3,1839.2,4,58,-82,54.7397903,25.3999744,4.6,1505473113000,12.2,349.0,153.0,25,Sony_SGP771,-6,11.8,31,-1,2,,,,
1,LTE,LTE+,Telia LT,246,1,8020,46755359,182638,31,1542,269,3,1839.2,4,59,-81,54.7404053,25.3997226,4.6,1505473119000,12.1,347.0,154.0,25,Sony_SGP771,-6,23.4,29,-1,-1,,,,
1,LTE,LTE+,Telia LT,246,1,8020,46755359,182638,31,1542,269,3,1839.2,4,56,-84,54.7409397,25.3994307,4.6,1505473124000,12.5,341.0,159.0,25,Sony_SGP771,-8,20.2,29,-1,2,,,,
1,LTE,LTE+,Telia LT,246,1,8020,46755359,182638,31,1542,269,3,1839.2,4,59,-81,54.741453,25.3991116,4.6,1505473129000,11.6,338.0,161.0,25,Sony_SGP771,-7,21.8,31,-1,3,,,,
1,LTE,LTE+,Telia LT,246,1,8020,46755359,182638,31,1542,269,3,1839.2,4,51,-89,54.7420703,25.3987508,4.6,1505473135000,11.2,341.0,164.0,25,Sony_SGP771,-8,19.2,28,-1,3,,,,
1,LTE,LTE+,Telia LT,246,1,8020,46755359,182638,31,1542,269,3,1839.2,4,49,-91,54.7424945,25.3985467,4.6,1505473140000,9.1,344.0,164.0,25,Sony_SGP771,-7,11.4,25,-1,-1,,,,
1,LTE,LTE+,Telia LT,246,1,8020,46755359,182638,31,1542,269,3,1839.2,4,46,-94,54.7429504,25.3983676,4.6,1505473146000,8.2,345.0,159.0,25,Sony_SGP771,-11,6.6,25,-1,-1,,,,
1,LTE,LTE+,Telia LT,246,1,8020,46755359,182638,31,1542,269,3,1839.2,4,50,-90,54.7433428,25.3982235,4.6,1505473151000,10.1,346.0,160.0,25,Sony_SGP771,-6,17.2,25,-1,-1,,,,
1,LTE,LTE+,Telia LT,246,1,8020,46755359,182638,31,1542,269,3,1839.2,4,45,-95,54.7438585,25.3979973,4.6,1505473157000,8.9,347.0,158.0,25,Sony_SGP771,-8,12.0,23,-1,-1,,,,
1,LTE,LTE+,Telia LT,246,1,8020,46755359,182638,31,1542,269,3,1839.2,4,44,-96,54.7444491,25.3977836,4.6,1505473163000,12.5,346.0,159.0,25,Sony_SGP771,-9,6.4,24,-1,5,,,,
1,LTE,LTE+,Telia LT,246,1,8020,46755359,182638,31,1542,269,3,1839.2,4,43,-97,54.7450326,25.397565,4.6,1505473168000,12.8,351.0,158.0,25,Sony_SGP771,-8,7.0,23,-1,5,,,,
1,LTE,LTE+,Telia LT,246,1,8020,46755359,182638,31,1542,269,3,1839.2,4,42,-98,54.7458259,25.3979,4.6,1505473174000,15.6,16.0,155.0,25,Sony_SGP771,-8,5.0,22,-1,-1,,,,
1,LTE,LTE+,Telia LT,246,1,8020,46755359,182638,31,1542,269,3,1839.2,3,33,-107,54.7465257,25.3983298,4.6,1505473179000,15.2,24.0,156.0,25,Sony_SGP771,-12,2.6,19,-1,-1,,,,
1,LTE,LTE,Telia LT,246,1,8020,46755595,182639,11,1542,27,3,1839.2,3,38,-102,54.747094,25.399244,4.6,1505473185000,15.2,45.0,155.0,25,Sony_SGP771,-10,5.6,22,-1,-1,,,,
1,LTE,LTE+,Telia LT,246,1,8020,46755595,182639,11,1542,27,3,1839.2,4,50,-90,54.7476727,25.4002937,4.6,1505473191000,15.4,46.0,156.0,25,Sony_SGP771,-5,13.8,25,-1,5,,,,
1,LTE,LTE+,Telia LT,246,1,8020,46755595,182639,11,1542,27,3,1839.2,4,47,-93,54.7481934,25.4012119,4.6,1505473197000,12.9,38.0,155.0,25,Sony_SGP771,-4,15.0,24,-1,4,,,,
1,LTE,LTE+,Telia LT,246,1,8020,46755595,182639,11,1542,27,3,1839.2,4,43,-97,54.7487867,25.4013713,5.3,1505473203423,10.4,0.0,0.0,25,Sony_SGP771,-7,8.4,23,-1,5,,,,
1,LTE,LTE+,Telia LT,246,1,8020,46755595,182639,11,1542,27,3,1839.2,4,45,-95,54.7494277,25.4013201,4.6,1505473208000,9.7,356.0,158.0,25,Sony_SGP771,-9,9.8,25,-1,5,,,,
1,LTE,LTE+,Telia LT,246,1,8020,46755595,182639,11,1542,27,3,1839.2,4,42,-98,54.7499343,25.4013843,4.6,1505473213000,12.5,0.0,160.0,25,Sony_SGP771,-10,9.8,23,-1,5,,,,
1,LTE,LTE+,Telia LT,246,1,8020,46755595,182639,11,1542,27,3,1839.2,4,43,-97,54.750524,25.4010938,4.6,1505473219000,11.9,320.0,163.0,25,Sony_SGP771,-7,7.8,22,-1,5,,,,
1,LTE,LTE+,Telia LT,246,1,8020,46755595,182639,11,1542,27,3,1839.2,4,45,-95,54.7508408,25.4002136,4.6,1505473224000,14.3,298.0,164.0,25,Sony_SGP771,-6,8.6,23,-1,5,,,,
1,LTE,LTE+,Telia LT,246,1,8020,46755595,182639,11,1542,27,3,1839.2,4,44,-96,54.7511022,25.3989766,4.6,1505473230000,13.9,287.0,163.0,25,Sony_SGP771,-7,10.6,24,-1,5,,,,
1,LTE,LTE+,Telia LT,246,1,8020,46755595,182639,11,1542,27,3,1839.2,4,44,-96,54.7513876,25.3977437,4.6,1505473236000,14.0,291.0,161.0,25,Sony_SGP771,-7,10.6,22,-1,4,,,,
1,LTE,LTE+,Telia LT,246,1,8020,46755595,182639,11,1542,27,3,1839.2,4,44,-96,54.7516129,25.3966539,4.6,1505473241000,15.2,291.0,161.0,25,Sony_SGP771,-6,13.6,23,-1,4,,,,
1,LTE,LTE+,Telia LT,246,1,8020,46755595,182639,11,1542,27,3,1839.2,4,44,-96,54.7518755,25.3952846,4.6,1505473247000,15.3,290.0,159.0,25,Sony_SGP771,-7,15.6,23,-1,4,,,,
1,LTE,LTE+,Telia LT,246,1,8020,46755595,182639,11,1542,27,3,1839.2,4,46,-94,54.7520866,25.3941483,4.6,1505473252000,15.3,287.0,156.0,25,Sony_SGP771,-7,14.6,24,-1,4,,,,
1,LTE,LTE+,Telia LT,246,1,8020,46755595,182639,11,1542,27,3,1839.2,4,50,-90,54.7522933,25.3930426,6.1,1505473257000,15.4,291.0,157.0,25,Sony_SGP771,-7,15.0,25,-1,3,,,,
1,LTE,LTE+,Telia LT,246,1,8020,46755595,182639,11,1542,27,3,1839.2,4,48,-92,54.7525809,25.3916359,4.6,1505473263000,15.5,290.0,160.0,25,Sony_SGP771,-6,12.2,24,-1,3,,,,
1,LTE,LTE+,Telia LT,246,1,8020,46755595,182639,11,1542,27,3,1839.2,4,45,-95,54.7528125,25.3906131,4.6,1505473268000,14.3,297.0,160.0,25,Sony_SGP771,-7,14.2,23,-1,-1,,,,
1,LTE,LTE+,Telia LT,246,1,8020,46755595,182639,11,1542,27,3,1839.2,4,43,-97,54.753397,25.3895041,4.6,1505473274000,16.6,313.0,159.0,25,Sony_SGP771,-9,14.8,24,-1,-1,,,,
1,LTE,LTE,Telia LT,246,1,8020,46755615,182639,31,1542,25,3,1839.2,4,47,-93,54.7539408,25.3885918,4.6,1505473279000,16.2,315.0,155.0,25,Sony_SGP771,-6,15.4,25,-1,3,,,,
1,LTE,LTE+,Telia LT,246,1,8020,46755615,182639,31,1542,25,3,1839.2,4,44,-96,54.7544001,25.3873364,6.1,1505473285000,15.4,299.0,156.0,25,Sony_SGP771,-6,16.0,22,-1,3,,,,
1,LTE,LTE+,Telia LT,246,1,8020,46755615,182639,31,1542,25,3,1839.2,4,46,-94,54.754676,25.3865662,4.6,1505473291000,10.2,302.0,156.0,25,Sony_SGP771,-6,13.2,24,-1,3,,,,
1,LTE,LTE+,Telia LT,246,1,8020,46755615,182639,31,1542,25,3,1839.2,4,46,-94,54.7550058,25.3855507,4.6,1505473297000,13.5,299.0,156.0,25,Sony_SGP771,-6,12.8,23,-1,3,,,,
1,LTE,LTE+,Telia LT,246,1,8020,46755615,182639,31,1542,25,3,1839.2,4,43,-97,54.7554095,25.3843424,4.6,1505473303000,15.1,300.0,157.0,25,Sony_SGP771,-7,13.4,23,-1,2,,,,
1,LTE,LTE+,Telia LT,246,1,8020,46755615,182639,31,1542,25,3,1839.2,3,37,-103,54.755804,25.3833238,4.6,1505473308000,15.8,301.0,150.0,25,Sony_SGP771,-10,1.2,20,-1,3,,,,
1,LTE,LTE+,Telia LT,246,1,8020,46755615,182639,31,1542,25,3,1839.2,3,32,-108,54.7561594,25.3823441,4.6,1505473313000,14.5,300.0,150.0,25,Sony_SGP771,-13,1.0,20,-1,4,,,,
1,LTE,LTE+,Telia LT,246,1,8020,46605589,182053,21,1542,316,3,1839.2,3,35,-105,54.7564948,25.3815503,4.6,1505473319000,9.0,316.0,146.0,25,Sony_SGP771,-8,7.6,18,-1,15,,,,
1,LTE,LTE+,Telia LT,246,1,8020,46605589,182053,21,1542,316,3,1839.2,3,34,-106,54.7568981,25.3810447,4.6,1505473324000,13.5,320.0,146.0,25,Sony_SGP771,-10,8.6,20,-1,15,,,,
1,LTE,LTE+,Telia LT,246,1,8020,46605589,182053,21,1542,316,3,1839.2,3,35,-105,54.7574074,25.3804279,4.6,1505473329000,14.3,324.0,145.0,25,Sony_SGP771,-9,-0.8,19,-1,14,,,,
1,LTE,LTE+,Telia LT,246,1,8020,46755615,182639,31,1542,25,3,1839.2,4,42,-98,54.7579085,25.3797893,4.6,1505473334000,14.7,321.0,145.0,25,Sony_SGP771,-9,7.2,23,-1,7,,,,
1,LTE,LTE+,Telia LT,246,1,8020,46755615,182639,31,1542,25,3,1839.2,3,40,-100,54.7585417,25.3790379,4.6,1505473340000,14.2,325.0,145.0,25,Sony_SGP771,-7,11.0,22,-1,6,,,,
1,LTE,LTE+,Telia LT,246,1,8020,46755615,182639,31,1542,25,3,1839.2,3,37,-103,54.759202,25.3782104,4.6,1505473346000,15.2,325.0,142.0,25,Sony_SGP771,-7,10.0,19,-1,-1,,,,
1,LTE,LTE+,Telia LT,246,1,8020,46755615,182639,31,1542,25,3,1839.2,3,41,-99,54.7597433,25.3775407,4.6,1505473351000,15.3,322.0,140.0,25,Sony_SGP771,-7,5.8,21,-1,8,,,,
1,LTE,LTE+,Telia LT,246,1,8020,46162709,180323,21,1542,351,3,1839.2,4,50,-90,54.7603319,25.3765428,4.6,1505473357000,14.7,311.0,137.0,25,Sony_SGP771,-7,3.2,26,-1,23,,,,
1,LTE,LTE+,Telia LT,246,1,8020,46162709,180323,21,1542,351,3,1839.2,4,52,-88,54.7608236,25.3755031,4.6,1505473363000,14.4,308.0,136.0,25,Sony_SGP771,-6,15.2,27,-1,23,,,,
1,LTE,LTE+,Telia LT,246,1,8020,46162709,180323,21,1542,351,3,1839.2,4,48,-92,54.7612236,25.3746485,4.6,1505473368000,13.3,308.0,135.0,25,Sony_SGP771,-7,12.2,24,-1,23,,,,
1,LTE,LTE,Telia LT,246,1,8020,46605588,182053,20,3050,250,7,2650.0,4,42,-98,54.7616069,25.3738205,4.6,1505473374000,9.6,308.0,135.0,25,Sony_SGP771,-5,17.4,21,-1,-1,,,,
1,LTE,LTE+,Telia LT,246,1,8020,46605588,182053,20,3050,250,7,2650.0,3,41,-99,54.7617399,25.3735745,4.6,1505473380000,1.6,340.0,134.0,25,Sony_SGP771,-6,18.8,21,-1,9,,,,
1,LTE,LTE+,Telia LT,246,1,8020,46605588,182053,20,3050,250,7,2650.0,3,39,-101,54.7618764,25.3736042,4.6,1505473385000,4.1,20.0,131.0,25,Sony_SGP771,-6,21.6,20,-1,9,,,,
1,LTE,LTE+,Telia LT,246,1,8020,46605588,182053,20,3050,250,7,2650.0,3,35,-105,54.76199,25.37373,4.6,1505473390000,1.2,50.0,131.0,25,Sony_SGP771,-6,20.6,18,-1,-1,,,,
1,LTE,LTE+,Telia LT,246,1,8020,46605588,182053,20,3050,250,7,2650.0,3,34,-106,54.7619864,25.37379,4.6,1505473402000,0.0,0.0,133.0,25,Sony_SGP771,-8,20.4,18,-1,-1,,,,
1,LTE,LTE+,Telia LT,246,1,8020,46605588,182053,20,3050,250,7,2650.0,3,35,-105,54.7619916,25.3737825,4.6,1505473408000,0.0,0.0,133.0,25,Sony_SGP771,-6,17.4,18,-1,-1,,,,
1,LTE,LTE+,Telia LT,246,1,8020,46605588,182053,20,3050,250,7,2650.0,2,30,-110,54.7619953,25.3737777,4.6,1505473413000,0.0,0.0,133.0,25,Sony_SGP771,-7,14.6,16,-1,-1,,,,
1,LTE,LTE+,Telia LT,246,1,8020,46605588,182053,20,3050,250,7,2650.0,3,34,-106,54.7619954,25.3737777,4.6,1505473418000,0.0,0.0,133.0,25,Sony_SGP771,-7,17.0,18,-1,9,,,,
1,LTE,LTE+,Telia LT,246,1,8020,46605588,182053,20,3050,250,7,2650.0,3,32,-108,54.7619955,25.3737777,4.6,1505473424000,0.0,0.0,133.0,25,Sony_SGP771,-6,17.8,16,-1,9,,,,
1,LTE,LTE+,Telia LT,246,1,8020,46605588,182053,20,3050,250,7,2650.0,2,31,-109,54.7619965,25.373787,4.6,1505473429000,0.4,43.0,131.0,25,Sony_SGP771,-7,18.2,16,-1,9,,,,
1,LTE,LTE+,Telia LT,246,1,8020,46605588,182053,20,3050,250,7,2650.0,3,38,-102,54.7619965,25.3738,4.6,1505473435000,0.0,0.0,131.0,25,Sony_SGP771,-6,20.8,20,-1,-1,,,,
1,LTE,LTE+,Telia LT,246,1,8020,46605588,182053,20,3050,250,7,2650.0,3,39,-101,54.761968,25.3737841,4.6,1505473440000,0.6,229.0,131.0,25,Sony_SGP771,-7,19.4,20,-1,9,,,,
1,LTE,LTE+,Telia LT,246,1,8020,46605588,182053,20,3050,250,7,2650.0,3,39,-101,54.7621069,25.3737031,4.6,1505473498000,4.4,343.0,129.0,25,Sony_SGP771,-7,19.6,20,-1,-1,,,,
1,LTE,LTE+,Telia LT,246,1,8020,46605588,182053,20,3050,250,7,2650.0,3,37,-103,54.7621391,25.3734668,4.6,1505473503000,5.6,224.0,130.0,25,Sony_SGP771,-6,19.4,20,-1,9,,,,
1,LTE,LTE+,Telia LT,246,1,8020,46605588,182053,20,3050,250,7,2650.0,3,39,-101,54.7616735,25.3729247,4.6,1505473509000,13.5,212.0,131.0,25,Sony_SGP771,-6,16.6,20,-1,10,,,,
1,LTE,LTE+,Telia LT,246,1,8020,46605588,182053,20,3050,250,7,2650.0,4,42,-98,54.7610828,25.3722442,4.6,1505473514000,17.7,212.0,132.0,25,Sony_SGP771,-5,20.4,21,-1,9,,,,
1,LTE,LTE+,Telia LT,246,1,8020,46605588,182053,20,3050,250,7,2650.0,3,40,-100,54.7603481,25.3714314,4.6,1505473519000,19.0,213.0,134.0,25,Sony_SGP771,-4,14.2,20,-1,9,,,,
1,LTE,LTE+,Telia LT,246,1,8020,46605588,182053,20,3050,250,7,2650.0,3,36,-104,54.7596648,25.3707033,4.6,1505473524000,16.7,212.0,136.0,25,Sony_SGP771,-6,13.4,19,-1,-1,,,,
1,LTE,LTE+,Telia LT,246,1,8020,46605588,182053,20,3050,250,7,2650.0,3,37,-103,54.7589499,25.3699271,4.6,1505473530000,16.2,212.0,136.0,25,Sony_SGP771,-6,15.8,19,-1,-1,,,,
1,LTE,LTE+,Telia LT,246,1,8020,46605588,182053,20,3050,250,7,2650.0,3,32,-108,54.7583426,25.3692794,4.6,1505473535000,15.2,214.0,136.0,25,Sony_SGP771,-6,10.0,17,-1,11,,,,
1,LTE,LTE+,Telia LT,246,1,8020,46605588,182053,20,3050,250,7,2650.0,2,30,-110,54.757634,25.3685043,4.6,1505473541000,15.7,212.0,138.0,25,Sony_SGP771,-7,13.6,17,-1,11,,,,
1,LTE,LTE+,Telia LT,246,1,8020,46605588,182053,20,3050,250,7,2650.0,3,38,-102,54.7570357,25.3678844,4.6,1505473546000,15.0,211.0,139.0,25,Sony_SGP771,-6,16.4,19,-1,-1,,,,
1,LTE,LTE+,Telia LT,246,1,8020,46605588,182053,20,3050,250,7,2650.0,3,39,-101,54.7563336,25.3671112,4.6,1505473552000,15.6,212.0,139.0,25,Sony_SGP771,-7,15.0,20,-1,-1,,,,
1,LTE,LTE+,Telia LT,246,1,8020,46605588,182053,20,3050,250,7,2650.0,3,39,-101,54.7558,25.3665282,4.6,1505473557000,13.3,212.0,139.0,25,Sony_SGP771,-5,14.2,20,-1,13,,,,
1,LTE,LTE+,Telia LT,246,1,8020,46605588,182053,20,3050,250,7,2650.0,3,36,-104,54.7551912,25.3658689,4.6,1505473563000,13.4,212.0,138.0,25,Sony_SGP771,-5,15.8,18,-1,13,,,,
1,LTE,LTE+,Telia LT,246,1,8020,46605588,182053,20,3050,250,7,2650.0,3,33,-107,54.7546717,25.3653192,4.6,1505473568000,13.1,212.0,139.0,25,Sony_SGP771,-4,12.6,16,-1,-1,,,,
1,LTE,LTE+,Telia LT,246,1,8020,46755615,182639,31,1542,25,3,1839.2,3,40,-100,54.7540094,25.3645661,4.6,1505473574000,16.2,212.0,138.0,25,Sony_SGP771,-8,10.8,22,-1,10,,,,
1,LTE,LTE+,Telia LT,246,1,8020,46213387,180521,11,1542,291,3,1839.2,3,37,-103,54.753355,25.3638276,4.6,1505473579000,17.6,214.0,139.0,25,Sony_SGP771,-9,4.8,19,-1,12,,,,
1,LTE,LTE+,Telia LT,246,1,8020,46213387,180521,11,1542,291,3,1839.2,3,33,-107,54.7527392,25.3631091,4.6,1505473584000,16.4,213.0,138.0,25,Sony_SGP771,-13,1.8,20,-1,12,,,,
1,LTE,LTE,Telia LT,246,1,8020,46605589,182053,21,1542,316,3,1839.2,3,39,-101,54.7521353,25.3624179,4.6,1505473589000,16.0,213.0,138.0,25,Sony_SGP771,-9,1.4,21,-1,16,,,,
1,LTE,LTE+,Telia LT,246,1,8020,46605589,182053,21,1542,316,3,1839.2,3,37,-103,54.7515324,25.3617306,4.6,1505473594000,16.0,213.0,139.0,25,Sony_SGP771,-9,5.2,20,-1,16,,,,
1,LTE,LTE+,Telia LT,246,1,8020,46605589,182053,21,1542,316,3,1839.2,2,31,-109,54.7509451,25.3610107,4.6,1505473599000,15.8,214.0,140.0,25,Sony_SGP771,-11,4.6,18,-1,16,,,,
1,LTE,LTE+,Telia LT,246,1,8020,46213387,180521,11,1542,291,3,1839.2,3,34,-106,54.750241,25.3601964,4.6,1505473605000,15.7,213.0,142.0,25,Sony_SGP771,-7,7.8,18,-1,10,,,,
1,LTE,LTE+,Telia LT,246,1,8020,46213387,180521,11,1542,291,3,1839.2,2,31,-109,54.7496679,25.3595518,4.6,1505473610000,14.7,213.0,142.0,25,Sony_SGP771,-9,5.2,17,-1,10,,,,
1,LTE,LTE+,Telia LT,246,1,8020,46213387,180521,11,1542,291,3,1839.2,3,33,-107,54.7491474,25.3589545,4.6,1505473615000,13.4,214.0,143.0,25,Sony_SGP771,-10,6.0,19,-1,8,,,,
1,LTE,LTE+,Telia LT,246,1,8020,46213387,180521,11,1542,291,3,1839.2,3,37,-103,54.7486577,25.358361,4.6,1505473620000,13.7,213.0,143.0,25,Sony_SGP771,-9,10.2,21,-1,8,,,,
1,LTE,LTE+,Telia LT,246,1,8020,46213387,180521,11,1542,291,3,1839.2,3,38,-102,54.7480316,25.357641,4.6,1505473626000,14.1,214.0,144.0,25,Sony_SGP771,-6,11.8,19,-1,-1,,,,
1,LTE,LTE+,Telia LT,246,1,8020,46213387,180521,11,1542,291,3,1839.2,3,38,-102,54.7474967,25.3570003,4.6,1505473631000,14.3,215.0,146.0,25,Sony_SGP771,-6,13.2,20,-1,-1,,,,
1,LTE,LTE+,Telia LT,246,1,8020,46213387,180521,11,1542,291,3,1839.2,2,30,-110,54.7468462,25.3562125,4.6,1505473637000,15.8,216.0,149.0,25,Sony_SGP771,-10,7.6,17,-1,-1,,,,
1,LTE,LTE+,Telia LT,246,1,8020,46213387,180521,11,1542,291,3,1839.2,2,28,-112,54.7462046,25.355385,4.6,1505473642000,18.9,218.0,150.0,25,Sony_SGP771,-11,1.8,16,-1,7,,,,
1,LTE,LTE+,Telia LT,246,1,8020,46213387,180521,11,1542,291,3,1839.2,2,29,-111,54.745391,25.3542297,4.6,1505473648000,19.9,220.0,153.0,25,Sony_SGP771,-9,7.6,17,-1,7,,,,
1,LTE,LTE+,Telia LT,246,1,8020,46213387,180521,11,1542,291,3,1839.2,3,34,-106,54.74469,25.3531942,4.6,1505473653000,20.7,221.0,153.0,25,Sony_SGP771,-6,9.8,17,-1,6,,,,
1,LTE,LTE+,Telia LT,246,1,8020,46213387,180521,11,1542,291,3,1839.2,3,38,-102,54.7440107,25.3521598,4.6,1505473658000,20.5,221.0,154.0,25,Sony_SGP771,-7,13.2,19,-1,6,,,,
1,LTE,LTE+,Telia LT,246,1,8020,46213387,180521,11,1542,291,3,1839.2,3,38,-102,54.7431971,25.3508934,4.6,1505473664000,20.1,221.0,157.0,25,Sony_SGP771,-10,16.4,21,-1,-1,,,,
1,LTE,LTE+,Telia LT,246,1,8020,46213387,180521,11,1542,291,3,1839.2,3,39,-101,54.7425186,25.3498325,4.6,1505473669000,20.4,221.0,158.0,25,Sony_SGP771,-10,10.0,22,-1,5,,,,
1,LTE,LTE+,Telia LT,246,1,8020,46213397,180521,21,1542,295,3,1839.2,3,41,-99,54.7417727,25.3486607,4.6,1505473675000,17.9,220.0,159.0,25,Sony_SGP771,-5,14.2,21,-1,5,,,,
1,LTE,LTE+,Telia LT,246,1,8020,46213397,180521,21,1542,295,3,1839.2,3,41,-99,54.7412046,25.3477878,4.6,1505473680000,16.0,221.0,156.0,25,Sony_SGP771,-7,14.6,21,-1,5,,,,
1,LTE,LTE+,Telia LT,246,1,8020,46213397,180521,21,1542,295,3,1839.2,3,41,-99,54.7405492,25.3467615,4.6,1505473686000,16.8,221.0,158.0,25,Sony_SGP771,-8,16.6,23,-1,4,,,,
1,LTE,LTE+,Telia LT,246,1,8020,46213397,180521,21,1542,295,3,1839.2,4,44,-96,54.739886,25.3457269,4.6,1505473692000,16.6,221.0,159.0,25,Sony_SGP771,-6,19.6,22,-1,5,,,,
1,LTE,LTE+,Telia LT,246,1,8020,46213397,180521,21,1542,295,3,1839.2,4,43,-97,54.7392049,25.3447215,4.6,1505473698000,16.4,219.0,157.0,25,Sony_SGP771,-6,13.0,22,-1,5,,,,
1,LTE,LTE+,Telia LT,246,1,8020,46213397,180521,21,1542,295,3,1839.2,4,44,-96,54.7386623,25.3438866,4.6,1505473703000,15.9,222.0,159.0,25,Sony_SGP771,-5,13.0,23,-1,5,,,,
1,LTE,LTE+,Telia LT,246,1,8020,46213397,180521,21,1542,295,3,1839.2,3,40,-100,54.7380187,25.3429029,4.6,1505473709000,16.2,221.0,159.0,25,Sony_SGP771,-7,11.8,20,-1,5,,,,
1,LTE,LTE+,Telia LT,246,1,8020,46213397,180521,21,1542,295,3,1839.2,3,37,-103,54.7373142,25.3419078,4.6,1505473715000,16.5,216.0,158.0,25,Sony_SGP771,-7,10.6,19,-1,-1,,,,
1,LTE,LTE+,Telia LT,246,1,8020,46213397,180521,21,1542,295,3,1839.2,3,39,-101,54.7366346,25.3409554,4.6,1505473721000,15.7,218.0,158.0,25,Sony_SGP771,-9,11.2,22,-1,7,,,,
1,LTE,LTE+,Telia LT,246,1,8020,46213397,180521,21,1542,295,3,1839.2,3,40,-100,54.7360983,25.3401832,4.6,1505473726000,15.2,219.0,158.0,25,Sony_SGP771,-10,8.6,23,-1,7,,,,
1,LTE,LTE,Telia LT,246,1,8020,46213397,180521,21,1542,295,3,1839.2,3,36,-104,54.7356133,25.339525,4.6,1505473731000,12.9,219.0,156.0,25,Sony_SGP771,-9,7.4,21,-1,7,,,,
1,LTE,LTE+,Telia LT,246,1,9020,46161931,180320,11,1542,324,3,1839.2,3,38,-102,54.7350931,25.3387826,4.6,1505473737000,11.6,220.0,156.0,25,Sony_SGP771,-10,4.8,22,-1,7,,,,
1,LTE,LTE+,Telia LT,246,1,9020,46161931,180320,11,1542,324,3,1839.2,3,36,-104,54.7347649,25.3382052,4.6,1505473742000,9.4,227.0,154.0,25,Sony_SGP771,-10,5.4,20,-1,6,,,,
1,LTE,LTE+,Telia LT,246,1,8020,46213397,180521,21,1542,295,3,1839.2,4,42,-98,54.73457,25.3378954,4.6,1505473748000,1.6,216.0,156.0,25,Sony_SGP771,-7,9.0,22,-1,9,,,,
1,LTE,LTE+,Telia LT,246,1,8020,46213397,180521,21,1542,295,3,1839.2,3,40,-100,54.7344687,25.3377281,4.6,1505473771000,6.4,219.0,161.0,25,Sony_SGP771,-7,10.4,20,-1,9,,,,
1,LTE,LTE+,Telia LT,246,1,8020,46213397,180521,21,1542,295,3,1839.2,3,37,-103,54.7340991,25.3371194,4.6,1505473777000,10.6,222.0,161.0,25,Sony_SGP771,-7,11.2,19,-1,-1,,,,
1,LTE,LTE+,Telia LT,246,1,8020,46213397,180521,21,1542,295,3,1839.2,3,40,-100,54.7337345,25.3365675,4.6,1505473782000,11.8,220.0,159.0,25,Sony_SGP771,-7,11.0,20,-1,-1,,,,
1,LTE,LTE+,Telia LT,246,1,8020,46213397,180521,21,1542,295,3,1839.2,3,37,-103,54.7333045,25.335913,4.6,1505473787000,12.7,221.0,160.0,25,Sony_SGP771,-8,11.8,19,-1,-1,,,,
1,LTE,LTE+,Telia LT,246,1,8020,46213397,180521,21,1542,295,3,1839.2,3,36,-104,54.7327756,25.3350959,4.6,1505473793000,13.2,222.0,160.0,25,Sony_SGP771,-8,8.4,19,-1,-1,,,,
1,LTE,LTE+,Telia LT,246,1,8020,46213397,180521,21,1542,295,3,1839.2,3,35,-105,54.7323028,25.3344024,4.6,1505473798000,14.4,218.0,160.0,25,Sony_SGP771,-9,5.0,19,-1,-1,,,,
1,LTE,LTE+,Telia LT,246,1,8020,46213397,180521,21,1542,295,3,1839.2,3,38,-102,54.7316757,25.3334663,4.6,1505473804000,15.4,221.0,158.0,25,Sony_SGP771,-9,8.4,20,-1,10,,,,
1,LTE,LTE+,Telia LT,246,1,9020,46161931,180320,11,1542,324,3,1839.2,4,47,-93,54.7311656,25.332669,4.6,1505473809000,14.8,222.0,159.0,25,Sony_SGP771,-9,13.2,27,-1,3,,,,
1,LTE,LTE+,Telia LT,246,1,9020,46161931,180320,11,1542,324,3,1839.2,4,45,-95,54.7305623,25.3316249,4.6,1505473815000,15.1,228.0,153.0,25,Sony_SGP771,-8,12.2,23,-1,3,,,,
1,LTE,LTE+,Telia LT,246,1,9020,46161931,180320,11,1542,324,3,1839.2,4,48,-92,54.7300737,25.3306474,4.6,1505473821000,13.3,230.0,151.0,25,Sony_SGP771,-11,7.8,29,-1,2,,,,
1,LTE,LTE+,Telia LT,246,1,9020,46161951,180320,31,1542,329,3,1839.2,4,49,-91,54.7296443,25.3298019,4.6,1505473827000,10.9,231.0,150.0,25,Sony_SGP771,-9,14.6,26,-1,2,,,,
1,LTE,LTE+,Telia LT,246,1,9020,46161951,180320,31,1542,329,3,1839.2,4,48,-92,54.72936,25.3296276,4.6,1505473832000,8.3,190.0,149.0,25,Sony_SGP771,-8,16.0,25,-1,2,,,,
1,LTE,LTE+,Telia LT,246,1,9020,46161951,180320,31,1542,329,3,1839.2,4,51,-89,54.7288531,25.3290644,4.6,1505473838000,13.8,220.0,150.0,25,Sony_SGP771,-8,11.4,27,-1,3,,,,
1,LTE,LTE+,Telia LT,246,1,9020,46161951,180320,31,1542,329,3,1839.2,4,58,-82,54.728212,25.3280858,4.6,1505473844000,15.9,221.0,150.0,25,Sony_SGP771,-4,17.4,29,-1,2,,,,
1,LTE,LTE+,Telia LT,246,1,9020,46161951,180320,31,1542,329,3,1839.2,4,61,-79,54.7276725,25.3272462,4.6,1505473850000,11.4,221.0,151.0,25,Sony_SGP771,-7,16.0,31,-1,1,,,,
1,LTE,LTE+,Telia LT,246,1,9020,46161951,180320,31,1542,329,3,1839.2,4,65,-75,54.7274633,25.3269115,4.6,1505473855000,2.9,222.0,151.0,25,Sony_SGP771,-4,26.2,31,-1,-1,,,,
1,LTE,LTE+,Telia LT,246,1,9020,46161951,180320,31,1542,329,3,1839.2,4,66,-74,54.7272133,25.3265322,4.6,1505473873000,8.5,221.0,153.0,25,Sony_SGP771,-6,28.4,31,-1,-1,,,,
1,LTE,LTE+,Telia LT,246,1,9020,46161951,180320,31,1542,329,3,1839.2,4,57,-83,54.7269084,25.3262488,4.6,1505473878000,7.4,177.0,152.0,25,Sony_SGP771,-9,18.4,31,-1,-1,,,,
1,LTE,LTE+,Telia LT,246,1,9020,46161951,180320,31,1542,329,3,1839.2,4,55,-85,54.7266317,25.3267579,4.6,1505473883000,10.9,124.0,153.0,25,Sony_SGP771,-7,19.2,28,-1,-1,,,,
1,LTE,LTE+,Telia LT,246,1,9020,46161951,180320,31,1542,329,3,1839.2,4,65,-75,54.7262498,25.3276984,4.6,1505473889000,12.5,124.0,155.0,25,Sony_SGP771,-6,14.4,31,-1,-1,,,,
1,LTE,LTE+,Telia LT,246,1,9020,46161951,180320,31,1542,329,3,1839.2,4,55,-85,54.7258421,25.3287219,4.6,1505473895000,14.7,124.0,155.0,25,Sony_SGP771,-9,13.6,29,-1,-1,,,,
1,LTE,LTE+,Telia LT,246,1,9020,46161951,180320,31,1542,329,3,1839.2,4,53,-87,54.7253794,25.3298506,4.6,1505473901000,14.3,124.0,157.0,25,Sony_SGP771,-9,16.0,28,-1,-1,,,,
1,LTE,LTE+,Telia LT,246,1,9020,46161951,180320,31,1542,329,3,1839.2,4,48,-92,54.7250251,25.3307368,4.6,1505473906000,13.4,124.0,157.0,25,Sony_SGP771,-12,7.6,27,-1,-1,,,,
1,LTE,LTE,Telia LT,246,1,9020,46161941,180320,21,1542,325,3,1839.2,4,66,-74,54.7247916,25.3313372,4.6,1505473911000,6.1,121.0,156.0,25,Sony_SGP771,-4,23.4,31,-1,-1,,,,
1,LTE,LTE,Telia LT,246,1,9020,46161941,180320,21,1542,325,3,1839.2,4,64,-76,54.7247505,25.3315769,4.6,1505473917000,3.7,119.0,159.0,25,Sony_SGP771,-6,23.8,31,-1,-1,,,,
1,LTE,LTE,Telia LT,246,1,9020,46161941,180320,21,1542,325,3,1839.2,4,60,-80,54.7245492,25.3316543,4.6,1505473923000,5.1,186.0,160.0,25,Sony_SGP771,-6,24.8,30,-1,-1,,,,
1,LTE,LTE,Telia LT,246,1,9020,46161941,180320,21,1542,325,3,1839.2,4,61,-79,54.7244108,25.3315963,4.6,1505473928000,3.2,0.0,161.0,25,Sony_SGP771,-6,15.4,30,-1,-1,,,,
1,LTE,LTE+,Telia LT,246,1,9020,46161941,180320,21,1542,325,3,1839.2,4,59,-81,54.7243076,25.331568,4.6,1505473933000,4.3,178.0,160.0,25,Sony_SGP771,-7,17.4,30,-1,2,,,,
1,LTE,LTE+,Telia LT,246,1,9020,46161941,180320,21,1542,325,3,1839.2,4,61,-79,54.723976,25.3316111,4.6,1505473938000,8.5,177.0,161.0,25,Sony_SGP771,-8,20.2,31,-1,2,,,,
1,LTE,LTE+,Telia LT,246,1,9020,46161941,180320,21,1542,325,3,1839.2,4,66,-74,54.723482,25.3316178,4.6,1505473944000,9.1,180.0,163.0,25,Sony_SGP771,-6,18.8,31,-1,-1,,,,
1,LTE,LTE+,Telia LT,246,1,9020,46161941,180320,21,1542,325,3,1839.2,4,60,-80,54.723088,25.3315631,4.6,1505473950000,5.0,188.0,166.0,25,Sony_SGP771,-9,15.4,31,-1,-1,,,,
1,LTE,LTE+,Telia LT,246,1,9020,46161941,180320,21,1542,325,3,1839.2,4,53,-87,54.7230346,25.3312072,6.1,1505473955000,5.5,265.0,167.0,25,Sony_SGP771,-10,17.6,29,-1,-1,,,,
1,LTE,LTE+,Telia LT,246,1,8003,46215947,180531,11,1542,165,3,1839.2,4,61,-79,54.7229045,25.3310249,4.6,1505473960000,4.2,240.0,167.0,25,Sony_SGP771,-7,18.8,31,-1,4,,,,
1,LTE,LTE+,Telia LT,246,1,8003,46215947,180531,11,1542,165,3,1839.2,4,59,-81,54.7229207,25.3303903,4.6,1505473966000,6.6,270.0,167.0,25,Sony_SGP771,-7,8.4,30,-1,4,,,,
1,LTE,LTE+,Telia LT,246,1,8003,46215947,180531,11,1542,165,3,1839.2,4,55,-85,54.7229241,25.3300401,7.6,1505473971000,4.0,263.0,169.0,25,Sony_SGP771,-7,17.0,28,-1,4,,,,
1,LTE,LTE+,Telia LT,246,1,8003,46215947,180531,11,1542,165,3,1839.2,4,71,-69,54.7227846,25.3299475,4.6,1505473983000,0.5,163.0,160.0,25,Sony_SGP771,-7,18.6,31,-1,3,,,,
1,LTE,LTE+,Telia LT,246,1,8003,46215947,180531,11,1542,165,3,1839.2,4,69,-71,54.7227663,25.3299489,4.6,1505473994000,0.0,0.0,160.0,25,Sony_SGP771,-6,29.6,31,-1,-1,,,,
1,LTE,LTE+,Telia LT,246,1,8003,46215947,180531,11,1542,165,3,1839.2,4,59,-81,54.7227539,25.3299482,4.6,1505474000000,0.0,0.0,159.0,25,Sony_SGP771,-7,22.6,30,-1,-1,,,,
1,LTE,LTE+,Telia LT,246,1,8003,46215947,180531,11,1542,165,3,1839.2,4,58,-82,54.7227494,25.329957,4.6,1505474006000,0.0,0.0,159.0,25,Sony_SGP771,-6,22.0,29,-1,-1,,,,
